{
  "selected_model": "SVC",
  "threshold": 0.25000000000000006,
  "class_imbalance_ratio": 0.535,
  "cv_summary": {
    "LogisticRegression": {
      "roc_auc_mean": 0.8356561461794019,
      "roc_auc_std": 0.02440013030889299,
      "precision_mean": 0.6399201203138343,
      "recall_mean": 0.7102990033222591,
      "f1_mean": 0.6712496607215132,
      "accuracy_mean": 0.7572837531654004
    },
    "RandomForest": {
      "roc_auc_mean": 0.8143833056478404,
      "roc_auc_std": 0.03661519298555071,
      "precision_mean": 0.6841380876674994,
      "recall_mean": 0.5699889258028792,
      "f1_mean": 0.6199009697042113,
      "accuracy_mean": 0.7556577369052379
    },
    "ExtraTrees": {
      "roc_auc_mean": 0.8214707918050941,
      "roc_auc_std": 0.034554035560765306,
      "precision_mean": 0.7125033171163203,
      "recall_mean": 0.5748615725359911,
      "f1_mean": 0.6356839826839826,
      "accuracy_mean": 0.7703318672530988
    },
    "HistGB": {
      "roc_auc_mean": 0.7759413067552602,
      "roc_auc_std": 0.03404255072588971,
      "precision_mean": 0.6141579128666648,
      "recall_mean": 0.5374307862679956,
      "f1_mean": 0.5718923373670733,
      "accuracy_mean": 0.7198320671731308
    },
    "GradientBoosting": {
      "roc_auc_mean": 0.7949557032115171,
      "roc_auc_std": 0.024905467703093216,
      "precision_mean": 0.6583119264664651,
      "recall_mean": 0.6027685492801772,
      "f1_mean": 0.6261004012549494,
      "accuracy_mean": 0.7491136878581901
    },
    "SVC": {
      "roc_auc_mean": 0.8410603543743079,
      "roc_auc_std": 0.022721643334999368,
      "precision_mean": 0.6245725274027161,
      "recall_mean": 0.7194905869324474,
      "f1_mean": 0.6673060653119403,
      "accuracy_mean": 0.7491003598560575
    },
    "KNN": {
      "roc_auc_mean": 0.8075879014396457,
      "roc_auc_std": 0.03670260254383274,
      "precision_mean": 0.7080568983079125,
      "recall_mean": 0.5613510520487266,
      "f1_mean": 0.6234452798663325,
      "accuracy_mean": 0.7655071304811407
    },
    "GaussianNB": {
      "roc_auc_mean": 0.8285658914728682,
      "roc_auc_std": 0.02140770343217625,
      "precision_mean": 0.6682068448347518,
      "recall_mean": 0.6304540420819491,
      "f1_mean": 0.6481135339204107,
      "accuracy_mean": 0.7621751299480208
    },
    "DecisionTree": {
      "roc_auc_mean": 0.6467677187153932,
      "roc_auc_std": 0.014874884157672756,
      "precision_mean": 0.5356656668387595,
      "recall_mean": 0.5560354374307863,
      "f1_mean": 0.543685132888702,
      "accuracy_mean": 0.6742369718779154
    },
    "XGBoost": {
      "roc_auc_mean": 0.79359496124031,
      "roc_auc_std": 0.033203737844383324,
      "precision_mean": 0.6209230033476806,
      "recall_mean": 0.6169435215946844,
      "f1_mean": 0.6163231065601009,
      "accuracy_mean": 0.732906837265094
    }
  },
  "test_metrics": {
    "accuracy": 0.7012987012987013,
    "precision": 0.5465116279069767,
    "recall": 0.8703703703703703,
    "f1": 0.6714285714285714,
    "roc_auc": 0.8159259259259258,
    "tn": 61,
    "fp": 39,
    "fn": 7,
    "tp": 47
  },
  "confusion_matrix": {
    "tn": 61,
    "fp": 39,
    "fn": 7,
    "tp": 47
  },
  "threshold_scan": [
    {
      "threshold": 0.05,
      "precision": 0.3697916666666667,
      "recall": 0.9953271028037384,
      "f1": 0.5392405063291139
    },
    {
      "threshold": 0.060000000000000005,
      "precision": 0.3833634719710669,
      "recall": 0.9906542056074766,
      "f1": 0.5528031290743155
    },
    {
      "threshold": 0.07,
      "precision": 0.40458015267175573,
      "recall": 0.9906542056074766,
      "f1": 0.5745257452574526
    },
    {
      "threshold": 0.08000000000000002,
      "precision": 0.42115768463073855,
      "recall": 0.985981308411215,
      "f1": 0.5902097902097903
    },
    {
      "threshold": 0.09000000000000001,
      "precision": 0.43121149897330596,
      "recall": 0.9813084112149533,
      "f1": 0.5991440798858774
    },
    {
      "threshold": 0.1,
      "precision": 0.4421052631578947,
      "recall": 0.9813084112149533,
      "f1": 0.6095791001451378
    },
    {
      "threshold": 0.11000000000000001,
      "precision": 0.45633187772925765,
      "recall": 0.9766355140186916,
      "f1": 0.6220238095238095
    },
    {
      "threshold": 0.12000000000000001,
      "precision": 0.4634146341463415,
      "recall": 0.9766355140186916,
      "f1": 0.6285714285714287
    },
    {
      "threshold": 0.13,
      "precision": 0.4780600461893764,
      "recall": 0.9672897196261683,
      "f1": 0.6398763523956723
    },
    {
      "threshold": 0.14,
      "precision": 0.4916467780429594,
      "recall": 0.9626168224299065,
      "f1": 0.65086887835703
    },
    {
      "threshold": 0.15000000000000002,
      "precision": 0.5024752475247525,
      "recall": 0.9485981308411215,
      "f1": 0.6569579288025891
    },
    {
      "threshold": 0.16000000000000003,
      "precision": 0.5126903553299492,
      "recall": 0.9439252336448598,
      "f1": 0.6644736842105262
    },
    {
      "threshold": 0.17000000000000004,
      "precision": 0.515625,
      "recall": 0.9252336448598131,
      "f1": 0.6622073578595318
    },
    {
      "threshold": 0.18000000000000005,
      "precision": 0.5281501340482574,
      "recall": 0.9205607476635514,
      "f1": 0.6712095400340716
    },
    {
      "threshold": 0.19,
      "precision": 0.5313351498637602,
      "recall": 0.9112149532710281,
      "f1": 0.6712564543889844
    },
    {
      "threshold": 0.2,
      "precision": 0.5401662049861495,
      "recall": 0.9112149532710281,
      "f1": 0.6782608695652174
    },
    {
      "threshold": 0.21000000000000002,
      "precision": 0.5514285714285714,
      "recall": 0.9018691588785047,
      "f1": 0.6843971631205673
    },
    {
      "threshold": 0.22000000000000003,
      "precision": 0.561046511627907,
      "recall": 0.9018691588785047,
      "f1": 0.6917562724014337
    },
    {
      "threshold": 0.23000000000000004,
      "precision": 0.5650887573964497,
      "recall": 0.8925233644859814,
      "f1": 0.6920289855072465
    },
    {
      "threshold": 0.24000000000000005,
      "precision": 0.5701219512195121,
      "recall": 0.8738317757009346,
      "f1": 0.6900369003690037
    },
    {
      "threshold": 0.25000000000000006,
      "precision": 0.5794392523364486,
      "recall": 0.8691588785046729,
      "f1": 0.6953271028037382
    },
    {
      "threshold": 0.26000000000000006,
      "precision": 0.580441640378549,
      "recall": 0.8598130841121495,
      "f1": 0.6930320150659134
    },
    {
      "threshold": 0.27,
      "precision": 0.5844155844155844,
      "recall": 0.8411214953271028,
      "f1": 0.689655172413793
    },
    {
      "threshold": 0.28,
      "precision": 0.58,
      "recall": 0.8130841121495327,
      "f1": 0.6770428015564202
    },
    {
      "threshold": 0.29000000000000004,
      "precision": 0.5844594594594594,
      "recall": 0.8084112149532711,
      "f1": 0.6784313725490196
    },
    {
      "threshold": 0.30000000000000004,
      "precision": 0.593103448275862,
      "recall": 0.8037383177570093,
      "f1": 0.6825396825396824
    },
    {
      "threshold": 0.31000000000000005,
      "precision": 0.6007067137809188,
      "recall": 0.794392523364486,
      "f1": 0.6841046277665996
    },
    {
      "threshold": 0.32000000000000006,
      "precision": 0.605072463768116,
      "recall": 0.780373831775701,
      "f1": 0.6816326530612246
    },
    {
      "threshold": 0.33,
      "precision": 0.6043956043956044,
      "recall": 0.7710280373831776,
      "f1": 0.677618069815195
    },
    {
      "threshold": 0.34,
      "precision": 0.6082089552238806,
      "recall": 0.7616822429906542,
      "f1": 0.6763485477178424
    },
    {
      "threshold": 0.35000000000000003,
      "precision": 0.6130268199233716,
      "recall": 0.7476635514018691,